url,wanted_expression
https://www.udemy.com/course/complete-ai-guide/,ChatGPT
https://www.udemy.com/course/chatgpt-ai-masterclass/,ChatGPT
https://www.udemy.com/course/chatgpt-complete-chatgpt-course-for-work-2023-ethically-chat-gpt/,ChatGPT
https://www.udemy.com/course/chatgpt-prompts-mastery-50000-prompts-20-courses-in-1/,ChatGPT
https://www.udemy.com/course/ultimate-chatgpt-course-for-beginners/,ChatGPT
https://www.udemy.com/course/chatgpt-bard-bing-complete-guide-to-chatgpt-openai-apis/,ChatGPT
https://www.udemy.com/course/chatgpt-complete-chatgpt-course-for-work-2024/,ChatGPT
https://www.udemy.com/course/ai-mba-25-courses-in-1-chatgpt-midjourney-prompt-mastery/,ChatGPT
https://www.udemy.com/course/chatgpt-for-creative-writing-content-creation/,ChatGPT
https://www.udemy.com/course/chatgpt-for-managers/,ChatGPT
https://www.udemy.com/course/chatgpt-and-generative-ai-in-business-management-marketing/,ChatGPT
https://www.udemy.com/course/chatgpt-prompt-engineering-master-class/,ChatGPT
https://www.udemy.com/course/mastering-creative-automation-canva-and-chatgpt-integration/,ChatGPT
https://www.udemy.com/course/build-your-own-custom-chatgpt-build-custom-chatbot/,ChatGPT
https://www.udemy.com/course/all-of-ai-chatgpt-midjourney-stable-diffusion-app-dev/,ChatGPT
https://www.udemy.com/course/chatgpt-and-langchain-the-complete-developers-masterclass/,ChatGPT
https://www.udemy.com/course/chat-gpt/,ChatGPT
https://www.udemy.com/course/chatgpt-build-solutions-and-apps-with-chatgpt-and-openai/,ChatGPT
https://www.udemy.com/course/chatgpt-complete-masterclass/,ChatGPT
https://www.udemy.com/course/chatgpt-midjourney-ai-online-business-freelancing-passive-income/,ChatGPT
https://www.udemy.com/course/the-complete-artificial-intelligence-and-chat-gpt-course/,ChatGPT
https://www.udemy.com/course/chatgpt-masterclass-a-complete-chatgpt-guide-for-beginners/,ChatGPT
https://www.udemy.com/course/chatgpt-masterclass-start-using-chatgpt/,ChatGPT
https://www.udemy.com/course/onboarding-new-people-leader-manager-focused-training-course/,ChatGPT
https://www.udemy.com/course/59-chatgpt-hacks-to-make-money-online-in-2023/,ChatGPT
https://www.udemy.com/course/abcs-of-chatgpt-the-ultimate-chatgpt-course-for-beginner/,ChatGPT
https://www.udemy.com/course/chatgpt-for-finance-and-investment-professionals/,ChatGPT
https://www.udemy.com/course/chatgpt-for-managers/,ChatGPT
